{"cameraMode":{"drawMode":0,"name":"Shaded","section":"Shading Mode"},"sceneLighting":false,"audioPlay":false,"sceneViewState":{"m_AlwaysRefresh":false,"showFog":true,"showSkybox":false,"showFlares":true,"showImageEffects":true,"showParticleSystems":true,"showVisualEffectGraphs":true,"m_FxEnabled":true},"in2DMode":false,"pivot":{"x":349.5315246582031,"y":217.32400512695313,"z":-74.21977233886719},"rotation":{"x":0.002286200877279043,"y":0.992437481880188,"z":-0.12149098515510559,"w":0.018473582342267038},"size":1.2604416608810425,"orthographic":true}