{"cameraMode":{"drawMode":0,"name":"Shaded","section":"Shading Mode"},"sceneLighting":false,"audioPlay":false,"sceneViewState":{"m_AlwaysRefresh":false,"showFog":true,"showSkybox":false,"showFlares":true,"showImageEffects":true,"showParticleSystems":true,"showVisualEffectGraphs":true,"m_FxEnabled":false},"in2DMode":false,"pivot":{"x":0.09855948388576508,"y":1.2711615562438965,"z":-1.44954252243042},"rotation":{"x":0.0005564119201153517,"y":0.9989045858383179,"z":-0.04529088735580444,"w":0.012287679128348828},"size":3.0074501037597658,"orthographic":false}