{"cameraMode":{"drawMode":0,"name":"Shaded","section":"Shading Mode"},"sceneLighting":false,"audioPlay":false,"sceneViewState":{"m_AlwaysRefresh":false,"showFog":true,"showSkybox":false,"showFlares":true,"showImageEffects":true,"showParticleSystems":true,"showVisualEffectGraphs":true,"m_FxEnabled":true},"in2DMode":false,"pivot":{"x":289.10076904296877,"y":162.69036865234376,"z":127.18462371826172},"rotation":{"x":0.06050172448158264,"y":0.7173928618431091,"z":-0.06279533356428147,"w":0.6911930441856384},"size":0.8660253882408142,"orthographic":false}