{"cameraMode":{"drawMode":0,"name":"Shaded","section":"Shading Mode"},"sceneLighting":false,"audioPlay":false,"sceneViewState":{"m_AlwaysRefresh":false,"showFog":true,"showSkybox":false,"showFlares":true,"showImageEffects":true,"showParticleSystems":true,"showVisualEffectGraphs":true,"m_FxEnabled":true},"in2DMode":false,"pivot":{"x":-0.06537783145904541,"y":0.6898072957992554,"z":-2.788397789001465},"rotation":{"x":-0.00508094159886241,"y":0.9940772652626038,"z":-0.09453144669532776,"w":-0.05343230813741684},"size":2.844477891921997,"orthographic":false}