{"cameraMode":{"drawMode":0,"name":"Shaded","section":"Shading Mode"},"sceneLighting":false,"audioPlay":false,"sceneViewState":{"m_AlwaysRefresh":false,"showFog":true,"showSkybox":false,"showFlares":true,"showImageEffects":true,"showParticleSystems":true,"showVisualEffectGraphs":true,"m_FxEnabled":true},"in2DMode":false,"pivot":{"x":0.18290427327156068,"y":0.5109480619430542,"z":1.0871011018753052},"rotation":{"x":-0.09856683015823364,"y":0.7000153660774231,"z":-0.09851540625095368,"w":-0.7004385590553284},"size":1.5262548923492432,"orthographic":true}