{"cameraMode":{"drawMode":0,"name":"Shaded","section":"Shading Mode"},"sceneLighting":false,"audioPlay":false,"sceneViewState":{"m_AlwaysRefresh":false,"showFog":true,"showSkybox":false,"showFlares":true,"showImageEffects":true,"showParticleSystems":true,"showVisualEffectGraphs":true,"m_FxEnabled":true},"in2DMode":false,"pivot":{"x":0.10345256328582764,"y":-0.08122771978378296,"z":0.006899595260620117},"rotation":{"x":0.008763043209910393,"y":0.9829190373420715,"z":-0.17765256762504579,"w":0.04844126105308533},"size":0.16864760220050813,"orthographic":true}